-19902.71875522473,27456.758467469775,-9464.522325767428,42611.62623751714,17459.46138304691,34215.17604250301,-26722.90419249199,-25232.138593006795,17296.651147619472,-46955.12419370758
18949.638920304256,-12034.67883276763,-53766.41807102323,23467.237678550588,5624.320289231901,90477.04513465299,45303.35196444252,43024.95397720137,28075.326502893524,-24726.6584281446
-45912.640298310595,-89079.45288854561,-69213.97278085543,-29289.7530050562,-9739.139098082851,58222.540974384494,-9737.420095236424,65123.098084480705,18575.78055140877,14107.370429138982
-33196.0500464344,-9426.354724697616,-23617.705733163442,-19730.466912320597,-43606.693846039736,91462.90082736869,41036.095078406455,62908.58092810566,33738.10633231664,-10319.626610391857
-42136.46585294259,-18341.730661889844,-59628.703810546445,40221.38297245551,5712.045448659361,47751.8458387654,16934.177033544347,-2278.3523805477807,-10255.129570300895,46890.39799313022
20225.712956372026,-37245.520828331384,-96087.8457443063,-33064.6117997068,-6998.966556545299,78194.34674035134,8565.065489331837,-7727.200492432891,12714.98946848013,4943.705170614915
16474.008245311183,14334.90678112032,-23376.617373614317,-6399.267979422948,45057.62264643788,82881.86814923253,65644.073635932,8006.423055686264,16320.234520304897,-3969.3142908240716
26859.080981107207,29006.442673008823,-30006.79322741401,-48859.987609689204,11190.476785929299,26828.587887302005,23695.23265337153,28086.5674987236,10549.793035845552,-28762.273371765965
-33338.75621084442,-18215.212212702078,-16502.407837827715,-10851.240998393843,40021.24386512983,61800.29865269919,2411.672754868626,-1950.472249157187,-16258.394281961251,10751.618593380013
-6383.120181439734,-69334.13624249324,-85249.65924367978,139.09506694737644,22492.72837745696,29068.46432364055,90544.0867663694,-31649.569664944636,73123.30426871985,-60639.06885812492
-14244.261179846158,64548.28827669356,-55219.1599171161,-80076.911138505,-9020.575653937834,102167.67684039038,-20346.142464458695,-65209.839845992385,25.610350028818857,5709.18486133688
77095.63394076229,-46948.90808732899,8803.19389562622,-56275.30466342338,-22884.905377877883,-34393.45611499158,-33485.78281938913,1340.873910159166,-54862.18138619257,-31531.558776181868
-14704.434882006673,9370.48826909468,-39089.736486267546,5008.11286491025,9193.038954688795,107420.96884599533,-30349.739908062642,-24337.242682762415,76859.88395480523,7989.164840493728
3376.8733668437485,-23631.724552358657,34313.160468514674,-5616.569557350973,11113.571002077222,56189.08302329199,-15437.083083271384,-61800.48701477453,56123.99828007388,18677.674002590127
-44436.99651965527,-93785.41251870614,-43673.38124157881,-21546.874663872863,-10500.797125621693,78017.75064774124,35033.63302694309,47925.69334462461,36535.913768105755,33778.79660933168
-15206.53288468617,-17682.774618046515,-19126.58866323473,1728.9137386054463,-36823.681309710846,24121.627050942676,15368.36086681308,33342.07467995892,17948.915203469824,36317.06722098803
-12159.268982165693,-31061.61113570985,-9854.727862869013,-16830.204464685503,-20590.0445618061,-30114.952631542903,19411.51080229598,-27271.138676477025,32085.20197736471,19335.894217758483
-45776.44656503675,-12330.641356766197,36403.01329960609,-35806.99406605919,-20568.59676263348,12438.496959442013,-9028.800928682187,-16322.524262569661,68772.88846487821,11139.891998576757
-45639.703319612716,31164.46497228154,-42703.03589731874,11493.37749627758,-40788.16115894818,75309.80537695462,25000.465517688484,31189.96799965502,42192.1492516683,-2733.385984235221
-17151.23630065098,24469.11638717812,-7464.184047071126,19799.05394131192,41977.995468124514,112432.0608261489,35099.036636976634,-3008.968883805668,11484.118789173914,36516.9450968337
14286.04226069171,4362.22768971671,813.4291461129899,-40736.30732128699,4643.142920719195,-11043.198276173904,11441.050471353381,72900.24457159165,49308.46106631499,-16755.06808354236
19409.224376168684,-52956.76084376905,2317.886277488413,25049.177919015943,-18002.7087181453,120413.18989490844,38540.030394929636,13557.3512644346,7182.9154464260855,27979.878378975343
23514.887101349574,10908.197989836475,-42901.66360122369,-56762.52690941171,-45433.118817278955,134639.4889837193,-68341.019720358,-24055.765252657955,41462.00992235775,-28900.842988131648
-6830.143601958214,72545.30325342237,-26932.264296559715,21923.224528392297,72783.96870653816,4813.288968776027,40298.29837503417,48661.609046429825,-28858.135268698195,23472.47568646848
-96257.94305167874,-8310.293543336022,-24750.950533550644,8246.62179151834,14929.502924301694,82433.60185890524,91014.76989769754,37357.53537072505,27162.35573243648,-35662.758097267746
11696.639182531984,-72349.01005453015,-14818.026043065709,11183.637290784449,18533.043648714818,35328.217291042485,32069.340055925702,4882.357956283149,31564.949527735727,13974.653067426087
-17342.147673292024,-91034.9504746075,-23436.46854555418,-62960.26511351932,-4351.115324394855,138365.67597866536,4515.664735803875,78244.91844118472,62303.903552174306,42414.908187544155
-19455.439555761553,-96121.82679554007,-10150.99099264719,-33604.24760062597,9756.321573966248,60649.28027376935,2081.4848651530247,-65655.93611777412,-4018.8877277010624,-39727.67083907816
27490.683696309577,-61975.25974037102,-91556.69433220576,-29139.93198391265,-12163.847157806062,59094.36604284498,46125.20026742076,23854.058124309086,-59863.943817801184,440.47977698590444
-12909.675822084326,7832.4797525245485,-41054.41374786769,-47396.270571957066,100375.05890264825,6227.720519439612,29222.107690111243,-13658.267482955931,-8156.415025064859,-5134.324683170757
-57605.76318265216,-38776.78947739865,-14341.85401740248,-14027.529373658857,14519.42701786316,65543.5651848777,-12083.296585056847,69021.12027579722,-10363.063919660717,2992.7449411749913
-12880.408031269651,-4371.108817702901,10480.960157057994,25679.814820990145,13544.395104356941,12748.369161326313,-25396.25515106352,-15330.566502781585,25990.17036558157,-16969.92409925806
-70505.20936926173,-101086.77694361193,-36394.22774006318,-67215.82362448702,39355.999228610184,50227.293437122375,21460.341024240108,-60684.97817039264,33706.049059738754,26399.875807866105
-71332.26822491441,-19365.868825867907,-63692.04679838433,46023.643640509006,19169.124431164895,37916.04329102744,-16235.729897032521,-52945.13272726947,-30891.80721488337,-976.5384218485448
-76040.29882557837,-17507.461287901962,-27356.792088522838,26649.93410002574,49286.46115920367,16094.246756404254,41708.98071958788,-13946.035195474691,64133.31177548432,57967.70860199893
9187.772432341677,-89146.34518899502,3985.8820716195255,218.2631582259102,-8068.783655037462,50974.09166413692,42861.814428041405,-7662.341732799746,-3804.7009322063836,-74950.55449251851
10851.738941389405,-29140.628597244147,-20663.185431154714,-27670.081241175714,-4677.896132730031,69691.16107972237,3457.2864456920897,-13977.82531694098,16207.314247192071,-8742.041007353022
31649.626173850666,53921.7007659878,-46102.39915930373,17196.969826819288,-12966.578021213854,43950.53827457066,14342.285987520567,-34202.13568885994,28151.305638029502,-9582.781651995281
-63230.72140289259,-3801.689054320665,-3356.073780935633,-42452.32339723352,-67071.14598603896,23179.962170605064,69348.99101060105,-38306.02334218892,39006.18786126202,37.709005461694915
6765.712780638375,2147.8788444438624,-38435.40223171292,-29668.30072607583,58488.68062322635,88446.96507253767,31507.40094928163,-11935.056515969523,56844.84169227074,24979.245078594093
-68172.7301130897,-15723.225423487303,-28020.638311130067,62119.84772839978,22145.757982183102,-47982.27474919307,70970.25507593418,29253.053250196797,49246.82389637249,41288.7191719885
-40504.52050443645,-45820.9574402802,-95755.16877071302,-44111.65542059409,-22394.490266492685,101488.02850826782,3462.8386525500955,-47143.24072835367,-33480.16180024965,24185.264822911366
-3789.869545986055,-46373.26823874566,-36019.11059942378,2835.3084964865184,-20912.363466069473,48475.229921181024,39388.154750965936,-30873.35747139323,-2910.1757316661747,67186.58649620731
6231.71758133464,-29791.208317145345,-86515.36939810446,-41939.55363042037,3797.8390419019115,-26505.249180091218,57674.87721918379,56407.073452010336,-3895.1612851969567,-40059.67057915697
-86718.7414503785,24669.163563641934,-76638.51981951912,-116.66282565791266,61601.988790054675,84086.96173682208,4795.224367083142,90927.84101337194,-18057.146734570437,-35225.090632548796
-21322.061155911062,35315.53637157636,-10958.73667255334,-40369.456171097045,33048.64213020552,33581.97462870276,63083.60713240701,-137.99571923910838,3451.508471686055,24246.277888054832
24333.022129193585,-80263.45657426014,-31250.532366887255,-14408.0048502987,34342.408157341226,118291.83007280061,2439.308120017773,-11827.205178333126,71946.83319581035,11468.702213534987
-20275.213884031356,-19528.682996975145,-36785.4812674943,-13182.298502043346,-2278.9274547053,27438.74584607413,83162.73133420828,59531.49601871923,3581.6227542454567,-11635.048118876039
-18184.81938384935,-13431.37512709576,-74175.05157740417,2787.48835746996,-65649.15569714899,89514.48623141216,13678.64345506478,24786.250177862737,65871.05195066716,-29744.275912744077
-18545.996571395288,-19321.681118078453,-14960.042221390462,-5377.734434195862,-36937.19930975652,56256.7027841795,26387.965060978717,-49190.22371303144,58390.61250220588,40715.541552413466
-30087.079220775948,-23797.355015722365,-52830.419138510304,33653.765192297935,-53865.01699761143,-58941.0603520943,-6437.142124388859,10058.719147523156,-18223.71580535236,5324.676740904403
-5645.880300267942,-115529.48919067033,-15318.193138247845,-17683.305322181786,49471.06112286846,30909.175430027295,64777.333438781476,-54284.68228238711,25628.94536465103,66048.93778401324
30430.673895847576,-15523.387775960871,-58339.06221599695,13953.004888111247,5389.142369738889,21492.274022374426,34355.607292594774,24228.223258318667,23812.772328189156,-34453.46123030098
-70535.42330397954,-813.3305292501017,1485.9203182974804,-76848.05517448687,-4448.601648860104,-40867.89627437407,8737.875330196612,-39458.788861881774,17565.225042329697,60204.151902620746
-39816.85824481172,10258.983285041711,17802.639033307714,-27748.653515646904,11759.453288345574,26723.437421318573,67553.72858383303,-19949.37725162084,30089.81927469944,-56173.35441426457
-40643.98874047407,-44072.0871945539,-5856.625194150963,4747.1514495419215,9757.848684382676,-18891.220090774565,-6545.350850402023,47902.734941327304,-18371.241426943314,3538.6959384502065
36914.3078192324,5972.268288342374,20515.262757328514,-4463.2642182521695,-46109.397019513686,63550.84389804801,30740.36036243452,-4611.031256262849,43164.607548080035,20689.038900867225
-54023.32625646078,2068.9467069390785,-81887.95303079614,-23772.47947061921,-32948.576084224755,93225.37174249954,-3386.9617975800247,48040.56888445609,37457.02298846726,-23465.55683201893
-32354.33720071611,-26576.99211645733,-28913.535260327226,16920.816337561657,-68035.28500127916,22862.616033797087,55977.11744438898,9991.235232219515,-30438.65591271335,31182.96010650841
13039.570488477664,-110151.83528189738,22362.407250255194,-81618.97581539395,28624.43980411192,-11523.990165527246,26471.09781904682,10387.272605409482,45216.983402065125,-10404.63375847262
-49684.524821690124,-109354.90494560607,-46127.830454499825,-56109.57540063089,-53802.9117828553,36284.35908742408,-19144.090516472283,51813.190254655965,1421.2166141171137,12896.78812083392
8376.09060427627,-44023.51984219579,-9864.338402157326,-32273.01243978983,9813.67652156769,37150.26522775913,872.87205941963,25503.32001274029,-6435.349018101924,7278.011586110208
-25740.907449275288,-64849.80659050466,-19914.426558180927,-40854.76312637233,25134.84072348006,-10910.676798135073,6795.476652523375,22447.23863119241,-45883.41849944645,-11771.17256600949
-11347.178126302844,-7780.53441529413,18462.000061178624,-56529.3910959076,8663.387146655352,70168.79516875408,18265.30494033166,53650.088681803245,27648.03241299837,102088.74493976161
-68600.31190312067,-22964.86765548598,-26250.77362333791,7143.40460735506,-32230.91206148847,57492.17178884732,-17947.96657060097,11293.816890979908,19992.748738487717,-9648.893943367877
-13060.784316198633,4601.196398010567,62648.176537067404,39241.920042753525,-17788.53530546594,55590.116122064115,30417.308710524514,-39040.79251793153,1945.6316343445776,4578.540783290834
-66298.10929138845,-90793.34058779558,-62552.49315461613,28132.628024173315,43636.31618949323,69209.6865675018,36406.83661476754,11109.406434686887,23748.213805109095,-24202.938751776514
-26768.617442907285,-67960.98904449273,46651.98183568047,-16227.024796820242,-20307.53927096045,-20301.58784428839,109739.37869271681,10206.742177009155,-40295.635072084915,19898.534302268214
-22963.04624431745,-6111.178611862469,-33476.340155974234,-27598.853759399906,-33613.68602572057,30867.74453289774,45467.94972205113,-6913.331408397523,40746.53843207582,-18329.524371942094
-2367.2932192697867,10719.391618908316,48532.72608638913,-66526.25387668429,23418.766499743742,-1342.5857372323126,43364.83969666106,-72085.23724047666,29981.02895579935,62822.50679364875
26579.36947173327,12702.581840172517,-72232.19814072129,-79448.73684503065,34234.32235867072,10997.000890724263,19420.416288033248,4771.957737153766,30136.82640706542,-46376.056077021436
-21313.942679513504,28151.321520502763,-76082.97697712987,-24887.249577093353,40601.53357541818,-4053.3683250547965,39945.046605466545,-26889.04043837648,76962.54421028748,-71152.51898257242
-44272.288263621595,-43196.51059007742,1460.8657971370706,-39753.59099756607,-24620.501552453876,105897.72529502986,83346.19344465989,-28728.91506860338,-23884.438907445587,55168.47018553539
31069.867432656447,-38768.830253901026,7623.358556855444,-83671.14627479375,54389.10210882419,19461.151866374967,-12707.64215532842,-53505.53528702623,-29596.846980335806,-61159.85716679069
-18266.83258091488,-45041.89527218504,10611.425432532145,-42100.56973363178,19150.095094433076,-11349.636107652817,19410.67732005842,-19150.52131355558,19854.94611634429,766.8843298440663
-37252.38482815164,-52063.27588001372,-7718.581011439075,-39100.02006098195,-11796.088198915935,-6579.62198540264,4720.221010699191,-6153.1633811991815,55771.71447612011,-51446.455953042074
70042.82881492493,40560.15538278374,-2257.6853386325893,3987.096482298142,19164.774632989964,4636.058658250447,32813.7441151176,22307.86591803416,46990.933829090165,14077.645069996559
33250.47084017792,39804.00973973066,-44957.1180826327,-43484.86737872005,-43425.59616536914,124848.8478881391,46390.93126085205,7197.210228675786,16050.064412788017,-39817.48458875092
18069.86353232577,-56770.96915884713,-53850.27713552152,-23616.98175122761,4499.833946083721,-30433.104893316493,21027.856054085736,-17237.29281058785,16443.549009272654,-20656.62178802723
-70550.93580251564,-45302.429022113545,-57083.87177744219,2276.9775003613217,9078.412829505734,53722.12591472596,22125.66939562935,18526.500149432697,46193.812033242,-19919.913164043854
-24621.665894170874,-2175.1216810086903,-73773.93461301486,-539.3736984568895,64907.08575984927,13618.814274360697,28267.307509266,-9679.900415294045,-19966.282081802197,32219.16860847598
-51358.07855455551,-41765.63612707695,-77605.14905276085,-51581.85060224438,-27725.08264981665,22988.99221911264,1922.4246896088964,-6722.469056962204,-10099.894967838023,-31154.252774672153
-45659.82993617315,-9479.170300256226,15466.14922372766,-16667.054319715437,-80541.73040681516,66950.40219986445,30671.36175904809,3026.9125856440337,-38353.97260079195,-17770.730920152688
-13756.46636546123,6054.014681294673,35167.7599315581,-6166.768830700153,2301.4549776108965,96033.43496938913,15888.055417637812,34450.96516475202,-11262.899426000213,-111065.76343359334
21048.094564041792,2743.021048002204,-34674.32015445136,51171.73512881782,-11637.009262441332,50903.08552710272,8769.23985818628,-36205.32755758783,94321.20309762032,-37900.197932686206
-48938.381004817726,-48932.477833442674,-20723.33976357332,-84510.17857708859,-14017.051912745643,39541.01403363636,43736.89384682344,-1660.2777440502161,81078.1105481519,16495.923499204328
-136857.02361483264,-59793.64730831937,-45203.76587384584,30422.7592137227,-16364.895357996791,-28741.638441417737,29430.649968617152,-8840.31499432629,8402.626539021037,-63665.91209601497
-33282.0246279469,-54604.78855891967,-3057.976306287037,-57075.25358501534,37874.04232071149,43272.65642311411,19351.005524743054,56152.35691078723,-5351.737452742946,39396.52305010036
1240.8556483127259,-48620.72573910251,4736.920563675573,6878.521384317486,45360.28547655277,51178.935656334674,53091.05507633178,3622.5796791557427,12524.722930767291,-51971.081639373406
-101441.25598778129,-62329.8812345747,19753.146252143575,91851.67696649674,-43284.7750340544,77391.84444559073,8958.198996509136,-9555.906959934975,44516.036577353785,96367.98460186657
-49645.757549795635,-66325.80262358024,-54093.51907749228,-36431.32341102452,2515.7423125001433,87688.01073335198,60251.36711780062,-16346.125988628914,21319.26132979142,34031.45398710914
60808.46026593455,-47839.23829209922,-84867.59109309973,-68921.1814701072,-41768.68409899166,-9921.077534677752,35093.75051537428,-20932.772459423453,47913.84306687256,-9290.775536241581
-25528.275196220624,-7672.191203258671,14825.84121948978,-94011.61786060676,101913.39045821606,-2192.164941013078,-33109.874830755536,-83874.99711787952,33736.19964445483,11867.157998152694
-53561.70978261165,-5575.194318687299,-54794.22095656561,-14521.596718258257,-1875.2724291830373,100002.56982649516,-8670.701090931427,10153.352892367704,-4841.519929966625,-38629.049561505446
-30486.829475824175,-63373.567093930724,-26915.812351415552,-7870.903325886651,38673.718490458035,40570.60934134588,11284.916802957054,75311.89151342513,47469.405098665084,-57133.005016514835
-28639.693098628355,-11229.753575680046,-64921.690066041316,-55626.0686070163,47754.07928607562,25819.706583841227,30281.308115192613,32011.65431604369,34560.09646666668,-57562.71710480098
-186.40262584733864,-36992.561517516646,-36175.086778280645,-12957.753210936162,24097.570611026724,85005.28361149089,86638.65179688954,52510.16213161543,82836.68293465913,6556.683337270762
29483.89893913788,-41055.2137787422,-27825.177225176114,25145.18955279197,16878.0582669293,57549.84643685446,-18582.34298974641,-61318.91729879169,35306.70351491793,51852.96533641962
22944.327040952412,-15802.160996887149,-25356.66107882066,3717.356511644635,11985.863739298416,109472.5898578006,12732.719075197332,-12782.864302936277,42178.25286809091,34948.63088470269
-72210.27084850929,-27458.499747565926,-13407.6310652231,-35923.711310031416,35835.011740260474,35761.21169028504,-18880.926637169785,-140.3672736379448,-14597.790535104505,-15432.22343758458
-1782.0977377951692,-41178.25275506145,-60013.1004428365,-9531.698508140245,24154.542677193356,35176.956677157104,-22647.841791056275,-6340.649450845533,65409.61776150665,26429.186697985504
-9023.5382844227,-42360.60800436263,16331.179678067,4053.2732928822543,43703.5155084347,49598.03862479025,28185.066373193138,1854.542995800819,63449.91472456576,-35169.73674131828
-31147.240750321114,21024.202002707836,11823.977840504238,-29791.6681901033,11549.040827201788,31656.73126248315,67320.93950577498,-4339.250015502456,69839.95034649187,53717.71630440541
-92001.31899928256,-7072.746814970032,-68308.29028158607,-44570.68494211063,-62644.41103760654,61019.81183638723,15848.977250262264,-25383.638435858484,31506.554344252465,-4781.986770757421
-16404.30548527884,-8890.073376607672,-39780.569659222805,-28624.230420739877,-20087.475011568775,81709.8777018636,55967.46772434457,36943.24977087912,70590.72440507577,929.0072961037886
-50628.674895870434,-44418.993016626504,-13148.2739211596,-7827.992823261922,22844.783682902395,1640.266976582778,76295.7809617162,23587.051526947427,-7999.14217982873,-31528.65149029481
-13877.893200801378,2094.4568406722037,9279.29881416266,-42517.31601480224,13590.570428267338,58018.4644846887,-24567.56198086356,-38227.57315152714,-54394.25634547806,55977.11129846291
7167.0502507242445,-79288.05657337983,57164.79223133443,-29019.08720418249,27358.374705735412,326.6896813047647,-16155.512996397387,13029.898478669837,27958.555076792916,-10688.568608726397
-644.3888290320483,-5079.508218459399,-46081.285898636044,-22003.036002044795,6051.462133803222,40710.346362018,17503.201933090935,-215.6061309770859,39925.01248058069,-8741.457990779976
11784.54217178387,36226.708492792175,-12019.488505090458,-4250.70743064687,-30347.06390107146,-69086.85145236629,3665.02032972769,67710.60643599404,-6622.564868164287,34680.01596109071
-28929.197147449315,30272.276803886463,519.5301616276515,-44373.21363716459,-59651.117478198226,-20016.53966182611,-39851.754784252764,-13117.865213162673,15301.703136076669,-30170.949427307256
-50076.81519302684,-16541.70458520457,-15624.331946588567,-34683.4444710103,-23965.687476891693,44851.4971169948,68729.38467651285,32791.9643832583,69633.3129636305,4994.899127014379
82657.3439948595,-58129.308467617186,-39870.0801057953,-16055.169701245248,26502.904242710076,38742.99901683663,-7361.8354311279245,-14483.104611066414,53368.444950080964,-85916.95613052629
-51006.706461747,-52128.040703297855,-9181.114941661292,-75689.05315731307,-6222.763478025577,49575.23100853322,7540.804528448916,13672.1039510975,36517.68051301379,11338.769123024038
-39864.56125323087,-43439.71625695415,7856.2425330016495,-36994.65155422873,-39759.59502927403,45275.36927164668,56676.48705717979,63234.89133102199,70398.64458262618,-7986.588758695005
56151.68076204943,-75624.38544354968,-49073.55043310707,18757.89768198846,5380.286473414508,53659.73608565109,19600.645820938804,33288.647563924365,12969.657066236889,-28938.817684098613
-7080.341791165687,-64096.18382576989,-16342.613783208326,-80307.2812273117,-18977.953730507565,23772.20658839255,-43583.846710318954,-16018.107469740953,-3967.2528787276456,-58350.39433227016
23503.841719146487,-37577.861642319,78792.27503834949,-21325.169479966742,-21051.628019162625,67343.59647342825,34785.51930794398,101595.4356074287,41714.31025795927,12157.618096991197
-1862.7899736038933,-68454.40245609048,-36077.786525187,47456.922028618355,-14433.571520176363,-12009.784250455052,22673.196586602404,3588.438124981107,39878.60257332511,45794.117217216386
25034.798261740187,5784.454656608826,-22336.83257793253,60080.41414408211,-22307.045176491887,45051.28693691094,134380.67629075577,83076.68977277182,-5255.182277034581,46748.60935888992
-26141.275877373886,-10779.912554682087,-5928.011220855684,-3991.511773501983,31826.120227276908,3391.335537038593,-48371.08511227049,31857.24022449609,-53194.11318803049,17901.13571492107
78858.87263025614,34190.727221679794,19793.13140544322,-31331.72063149421,5398.735165973074,-6309.643504422443,61293.33938201483,47177.11362189649,57450.06315735237,30421.165911256383
-18217.3721003126,-62072.984111253856,-16822.38548952959,-32468.68093816287,-4422.111908744674,9995.545710560129,-753.2425513425073,-37471.506887368196,-47168.49643415988,-31613.398754013204
-73789.75024985443,-38646.66518510975,-34282.57358594057,13483.34395922488,4953.92103924066,42359.89157537139,13514.047325920734,-11213.124425165406,28205.479851079017,-89202.75323739965
42471.51547400113,41803.96230959054,15123.152766270168,-19905.94269969999,-14254.493737986972,96763.47645794334,46631.22837933619,16360.720236872983,-7039.771633106915,17395.091498175385
-51752.220743117156,-55057.63883232111,-32438.08228467268,7807.331833750685,37381.078285072166,56333.088489096255,27737.631152853457,18557.813220387518,4402.9636384748765,14772.724919469158
22962.081547233192,-20894.200033110545,3921.7779351660774,10598.809476077082,20731.010886955562,20447.499931923805,-15032.023844299758,-27846.890392769536,78237.21724656146,-18516.809102916843
-7425.30987605877,-94340.41236861111,-67577.6053444125,-17885.764514754326,-20040.899085976667,25576.937712588217,56496.13959358588,-25589.05266117306,50155.36827770473,-13731.30267417
-7518.894847596307,-12023.44172305166,11928.029388647212,-4652.3392649259495,-33734.30007049593,44681.19433819093,-10586.799889938546,27551.636585889635,-11106.351699112323,9242.32191931483
66753.58230959652,-2098.9124347906945,-29246.378064000204,-21432.073223055333,-47157.45450646911,77390.3074049555,6200.405573206107,5728.687239129382,54445.29266780564,9268.773367590762
-12227.797243093211,-39131.12770790516,23701.437412657586,-65370.42633959909,-7929.436193852403,85362.19217646771,-7715.543461291285,2187.6116440386772,47702.59519999409,-48338.382721285576
12208.263478212286,-53316.219008000364,-85265.2226791896,-12998.76039754048,30366.50929885099,43970.38849596526,-974.531732417065,-23337.13356168025,39937.528859676364,29653.783131130946
-14975.605625670829,-15228.371296427076,34604.33538523221,-41145.92381737637,3456.3044500892356,62526.46955218516,-36398.81521915578,361.0327079576499,1270.6004924011922,-36473.51061968821
-23062.15992090463,-48427.65927319792,-3337.377754040057,-81075.47538303491,-61072.76372050775,94793.84598546938,19298.049462627336,-23391.9453964402,39281.238137817134,10550.453300745672
17495.872153022996,-7102.209561253906,-48787.95889665795,-15495.570287910696,-14153.18490332134,-288.60514313999295,36437.68967613699,-66195.19931167537,12003.556760319183,-23377.12319695259
-46967.71308280008,5249.271544047153,-19992.077463622558,-6205.482137745475,20499.38930938221,25940.28889339906,20867.24895840365,-15473.62840184587,52795.97286028154,33287.03089337704
-45564.63848672245,-4922.359152019388,34995.20099847075,13195.935037821668,16325.583172512455,52304.96975773963,34532.444107699936,-61544.45930949637,5088.851613253128,-31992.225763445407
15250.512676656585,-29912.44211139458,-61255.840024962024,-33774.15929904558,-64943.073435066035,-138.07871756057193,26098.77822826685,-65799.72388775447,8687.862643687187,-32366.302459092585
4555.9744671958215,-32399.399748638236,23950.272525780456,-55196.16920339582,-65394.265144524885,25082.500036696667,1640.9258221976688,38893.701857664084,62811.06782564608,-8383.140980236076
-33138.5551038225,-95065.12365433994,-71148.29524490956,-61265.95567648064,9966.62222564723,56185.2722768158,-24234.102974466114,32147.387906801658,80392.6098450906,31161.59382641704
59648.409806484284,700.4756126567819,-1494.6713363383105,16603.594046162674,54188.72547930476,-13866.726737325358,11482.172167337369,-72312.91405372322,-40630.12684932413,-40320.98026787158
9556.07558074748,-56858.34070970224,-68522.040590645,6489.659510382093,11713.08531596823,60535.712899485974,88380.56735017069,43088.98768088593,-3005.089059367272,-22059.103363205868
-72.20705520815511,-46215.28944478677,-60452.801064750165,-17146.82836648297,-46604.700949813654,22697.59898161504,35793.389777726436,19578.494441796778,10002.686045142025,42848.82370360512
-17067.850745699106,17327.422733726537,54087.99058407281,48116.905815365506,34401.249454053046,62727.02760574292,80801.81507000106,18295.355839255415,51215.161332937576,12390.004123232215
-21547.31335243658,-2404.675147687186,9962.37257146013,-8233.732204651273,-45247.679121002824,-323.5149755374464,67765.97324275291,-38188.406569449886,72531.89832111988,17987.86408198412
-2093.9008704895737,-41924.82445059782,-23562.296589649322,-36413.193966429906,-7400.942817895971,1871.044736961461,-24622.27755259135,-31851.88516028919,13739.156185850352,-70906.13273922156
-30047.547620564088,-65719.57393235956,18832.834156903766,90461.30961536607,-20491.085867360987,-14658.361508348222,13871.074525899956,-7161.85476860608,9459.351861379922,-31596.133043552083
-18871.325696824762,-57253.420032742426,-67041.10414391648,-32527.56589818705,-16740.032771544826,-18628.087741936713,45946.87484915937,-2183.9402491613805,-53325.197251445075,4526.095043882944
-45503.34609512392,-43209.88001915183,-17788.752354662225,-16490.734834713436,46571.89219367147,8436.367112892967,-26044.763799853485,64508.573591862456,-22277.560138677323,31917.855991463006
-57234.95427264776,-95226.27008867901,-14917.276533637894,-1455.0813138818073,8937.182504312153,43345.92806956881,38822.043761862915,28211.13918769415,31429.652131036633,-65084.75783438406
10545.770698743218,-54112.78094171662,17450.229376491967,19650.59150477877,23482.38218295946,54229.745083024936,34609.75140438763,37361.23321930399,-22194.478883363332,34578.5650163298
61656.28466545661,-57652.67835556227,-4010.7099698789043,-30308.34453520219,-17375.70459458654,107222.72308278472,-6570.803924530559,63179.06621266273,83826.5441310075,5597.867070386689
931.3362935688822,-45137.36494744515,-10757.401539133842,-19958.047933042777,-21496.746884170738,29676.75945525746,-2408.0038824174826,20409.577877934185,-21796.66781258333,-10625.833230513335
6511.63349542865,-40504.049535788276,34478.93681821969,-34958.351991793206,-5393.628073733148,451.6765915556843,44111.29060260805,-29426.849696315043,19042.037383546998,10689.03510904934
30039.273006646763,-74529.74514017875,-36958.97721846257,-18438.354883701984,-49383.704467135925,13628.546046521602,35374.582422307045,-42901.155012872376,21871.73196504557,36492.58443077983
-2399.5992643329882,-55641.62014821619,-37703.79628739839,-11288.143196966843,-96756.64890874231,76490.32428793845,69149.45710870558,-42270.59001778622,94217.29517062106,-67887.2318145258
-60361.42699900953,-76207.72824609984,-55422.63635288055,-88590.59849539433,-22008.818773460232,72808.89219563986,10274.734469170146,26091.776531263375,39008.696922160314,-40644.099968667906
-15750.643304963543,3498.5074731924233,-7281.671997351316,5784.673430570861,-16690.078691700783,51798.55833871156,70339.66754419579,-30819.07988940653,1207.7627797850853,3246.7991115531086
52746.68021275253,-7815.195703493668,2804.7494224723514,33080.274595521754,-34956.60373325942,52593.770211041934,4333.033770553619,-31715.589885506688,-13733.425359243734,12752.342661996536
25859.672039538968,89059.90113385633,-46451.466159696894,-30544.425697496816,-1517.4229906739301,48145.85269021952,-28754.620297902147,-4973.236593000376,-6104.988835550463,-9075.631556309687
-14308.978786111842,37378.78829551422,-12881.094283406697,41798.88898526835,8517.01940082177,-12017.31075357583,13965.857945002705,-52548.338814680435,-3406.31020961112,-9096.445231465379
626.61927274803,16250.89161792986,17707.386070590117,83280.03235607082,-6754.266584264688,30045.00835475715,34369.755577119955,34280.72276383495,-10597.554281031958,-6799.874107309217
11982.386902554494,-41631.99462997004,13112.017740061909,-67865.47526906033,1019.2760244884389,33065.781079205815,63580.61438958863,22444.677615657103,70993.80622749032,-5434.910392121508
-106275.41810499322,-38759.471222860404,-51728.77691584297,5557.669829954139,58836.98768258925,-7579.36074092969,17948.42280924537,54095.3817590986,787.7241212691733,-42718.69405398705
43950.80214189777,-37606.293918542615,-36482.05080086688,-21746.69625127638,-46972.66921552709,-1600.9884050389446,-24167.552767676112,-1538.9501612036793,26368.822624348097,-9699.036825722535
13861.332658480076,-16406.85322682289,-40482.08427550147,-18995.600624077746,-1852.408408024361,40537.23529723863,-10179.399422881415,-33741.62671183201,90452.6994561745,13225.479357672135
-9948.170069335883,-34122.07398808199,-21447.708278106955,14403.723373251245,46669.59705657111,23107.498190603033,27151.66575156266,58188.8401052746,51347.043772243334,50461.403158382025
-46613.32923042001,-8195.560949489072,-24347.639470379698,13190.27640588375,-7737.863329803273,21003.751632447762,73361.57412494806,-21428.07647164194,42966.57217897308,-4210.73495976482
20138.88674188613,-8464.776537352018,-37965.460813248654,-16335.646078767395,-21181.07211704917,12676.322694087057,102615.85178501571,-9119.935288690405,3738.013611249346,-92855.22938732512
21946.190007252688,4662.486022496279,-29354.948023737492,-4450.315818818493,70893.02796664677,78014.53084118348,35890.208980857315,22698.81435812817,49022.1695694593,-14453.326959448268
-79.80737372317634,-33230.50376399302,-53342.2867677382,-59980.707945879774,20493.22830414242,131117.19861059912,43301.83428371784,-1139.2448560974055,1434.0902007062268,-15635.101376823435
-25789.04107933404,39033.52614530724,-22640.98308014015,-32738.202931076426,23519.130039687305,48403.25022773823,16708.195115603605,-4644.820235946458,59103.533730135954,-13904.26587169639
-52982.404898029024,-1252.1028029442057,-46831.66448157587,44356.01175970816,-22439.27249791685,62817.43831690213,82512.82582310581,53711.13587603873,11307.695810041514,-28895.37285088528
-51516.09166798508,-11668.424746471976,46884.10422203475,21797.632668628714,11953.50094454129,18433.79842674387,47570.7951982612,32037.878349432653,32576.332211805217,11544.972404412893
30163.044343719244,-1414.5007191723057,-45212.17457371732,-42544.033835855786,8412.305282398964,13343.234298019226,22633.95778896832,32244.35785724831,35190.68086023834,38574.937235954254
-48790.49503215359,-13678.097024889325,23945.8123794488,-50319.12356454013,-15889.565851756415,29655.18189225222,38153.66046665826,21132.955365851405,23759.743923872393,-12772.419424627195
5081.038624997593,15722.374865192854,70990.18200701014,-65208.94802371005,-2073.1809450250225,50505.72291463961,25847.211185919874,40194.7306743576,7766.651413445912,-55214.05467717061
18808.302138742954,-21966.61027769354,-32971.65066677958,-12746.619038211076,23352.64157738521,4973.7737355440695,14569.669601831583,89151.6787945611,69209.0444628953,-47548.23112858643
-57992.820865333095,-47782.28679885066,-13484.637589587483,21788.475849485785,-42050.478299777395,37433.714767943165,4445.6489387232505,14979.784152346194,23672.79861355603,2738.921523661563
23710.303416552557,-34561.759509458214,-58792.44936093343,-27696.96869548642,23775.207671501026,56933.65018391882,34282.500643630316,-6154.411280930595,42268.91740783705,-29800.87423391031
36643.5991620633,14501.973875884269,-2971.5454620487394,21194.548274823912,35222.709548560786,33556.28775577531,6207.6634481298215,38694.284444774836,9536.734097695973,73257.85926294411
7662.386162563538,-38288.728251320535,50386.040422332575,-23555.745990282856,19908.140915761636,-35594.52403865298,41545.50560418037,-35453.202771036966,-4806.971140788874,-8648.47372537694
-63310.99082547074,-25717.59561626202,2097.3571534066655,-25905.494709486786,81016.0337744825,-3804.3944373485274,2843.745718970147,-57371.720514447275,30790.00384047987,-16267.569568409897
15295.470464723083,-77242.17650808216,-9600.901984895085,6086.545100958827,63092.91147116801,43188.61585662608,-4779.802175686675,12626.38565679102,34307.2235755198,-26816.112114001695
-516.9942750451967,-35910.37176541254,-29915.84143531667,-9096.556703714234,-31133.866483675072,47734.61477247202,97485.01252084042,-13338.801372486407,44217.945350540846,-67292.44573688004
31423.45422225222,-17696.915761705386,9339.912671921235,-8776.10153720359,31261.393018298342,40162.07523526962,29243.740522750926,4059.296610902644,60061.50910267363,-62148.14723397508
34583.74022208542,-15380.127218130463,-45105.3878692418,-46950.818419877054,-16598.470956556226,23610.371145426157,50607.8150192432,27121.83899009896,22001.714937605477,10368.0210080069
-31060.77002963083,59821.77794928582,14913.43742712726,12502.272818901947,34000.641150046504,27295.806423602182,10828.298143360136,-10978.79669457462,13658.467040268533,65896.02977722585
10195.567118584877,-64651.186732167764,13399.17502191639,-458.2258874416001,-1244.759418539406,36586.44652257257,59550.59138517802,54788.43195013925,2081.907164483222,-25055.356017779744
40087.868024515825,-35956.7936836345,-44523.09938194525,40975.597085083085,1896.6404435662266,54757.09714521026,61109.054727656825,4845.214035605062,-31649.587823604983,-29313.073228013753
22093.632998612007,726.4180253598736,-33133.2367169627,32746.359002505833,-58562.24189480196,108076.76868240951,49769.33879147477,-57930.33775132256,13847.507884024117,1433.09032052792
15801.268422985866,-16941.0715865043,32420.57167630221,10280.145939374037,-18221.150698744816,23193.074585398113,-20162.527134986838,-35231.89897170517,74022.7995493805,29141.084080737266
29059.45368434829,9166.282927769784,1857.672127989439,17264.280308768044,16447.888651627967,67525.8440825449,77204.6485621846,-17843.985193498193,87755.12970902523,-4170.967860008657
-51960.98669204989,-25944.830470456804,-19163.865734854306,-52515.54555115789,-21387.91948956973,53932.178781712064,-16679.55528557863,-61075.49207144441,26133.04591036613,-20914.965923155683
2262.7908934145776,-82191.3479329897,-46133.50140798686,14842.67840829551,-29125.632167824213,46147.26489134413,-30863.85916595733,70650.22612769347,-13581.144401778125,31514.9999530308
-12898.47360589898,-41666.54601840974,29703.526459400047,-10728.745350594201,21343.016641514063,38381.31740441063,20614.230508159286,7569.63786448297,39993.53086847604,53050.073876804505
-10300.31776427282,-14674.297044000783,-5632.6729622351995,-30961.74732466724,21783.08100598896,107459.2130359028,3041.474097320044,-9382.268039079216,-12104.947592461811,30398.766086217525
24350.812555452383,32488.23169396313,-20966.91136066054,19725.845049719894,30605.650684198426,-1600.2904939160812,77161.17564606231,44354.56478359073,-15563.044130934979,39190.405045058185
-36285.731781817994,-22678.08632789852,22128.295912449976,-30037.670114123124,34776.3571178704,74465.50776253134,24032.82898835948,-25210.722460908517,83408.68991774235,-42859.857595574395
19618.931495866225,-69455.9970751708,41389.085299897604,9077.138414187339,34143.46757310996,37043.96731585807,26675.456388378712,-41313.86268093767,56797.01453149153,31745.171776909905
19713.263042132137,-2215.3426866095333,-55494.945272693796,-10139.727609373931,-3653.235802307206,84041.05543015902,22660.300274524932,11541.674447414527,525.9201932059639,12502.835201521786
-45901.36131992375,-34920.180757225295,-42100.10445262182,-47775.89742188318,-9628.96585153518,45176.443926881104,4881.428529080141,-7130.33815097359,57882.10330491436,28210.71948331359
-3054.317538611505,20396.381398585534,33280.529903920535,-16177.537867776191,-20291.016379849607,35218.523649136674,61692.76886454169,15405.195156286873,20447.044414106702,-18247.60540701229
-3146.0559525828967,-85752.20649127498,7502.080387094419,-36567.173735342665,-37156.5783709428,67820.82630921344,9543.15261770242,28089.327713420826,33738.67060636125,63638.3154659575
3149.6007699969837,-102983.47929688294,-4233.044525665972,-21461.833604726973,6384.804872206285,36106.63133551167,45896.48727761119,4791.44553978993,-1658.7915163344928,49478.15400279686
5053.004891633606,-19180.184590193207,-53535.04810849567,-22394.630934964098,6905.887647978642,25398.85138455932,-3810.9651227995723,-6209.589787962232,16160.227331014643,38596.1891246682
20335.21084879996,-19457.88328804198,-60573.43107913969,-41946.87716795109,28221.91083248687,-10633.676578869072,-10234.947070712447,-39610.4948533904,13348.850455413285,22634.843981410948
-46359.69812443583,-42812.128619346964,18038.57235258735,-22720.38346276991,-3265.700695571525,84600.7634938023,5081.325846025103,19905.015254419606,43723.26629451581,86782.93948761112
18878.630025810075,-7509.107037331972,-57530.2758775246,42021.08391961647,29912.2408084922,22717.00454498238,13334.99277019301,18831.865438004657,46760.283513396986,-34669.84974421879
9324.297158624695,-81480.9110365686,-47044.104895018754,57382.92211213771,39966.97365643018,902.6374659944945,31599.865341973484,7677.544441869531,-1680.378460033285,-42891.09795360493
-99636.72013473914,61339.06345276003,-3516.14027256938,-32228.6237773031,-1095.0757347742494,58931.19844403525,17834.873491920956,27838.347754833907,107740.49686177287,13942.618131452564
-2246.5552148415345,-41345.579542969695,-5472.79122326711,2792.2973230368407,-26696.52768213226,110160.58773508195,45827.50594558342,-24476.824195136604,-21187.579820366842,14470.206064520904
-59144.966884438065,-69526.17648893977,-72666.39147545739,-88936.93019242909,30869.118188994617,77261.18871387895,39071.419994023374,59427.414097979025,-1976.6158506959355,-4139.718597866982
16909.97642148745,-33309.93791676177,-102386.03280538326,31740.760701745043,-3913.787227748548,62706.757295296586,28998.706704186556,-2712.2256079081994,-8680.096915637027,-54484.51150054904
9137.067132195178,-23644.614167541888,-37172.200145295246,11773.050129563406,-1160.1715654294874,17486.30282348046,34168.63196889798,27204.63534634458,-6106.064448236741,-3352.9545393351345
70379.37674517462,-99719.99063608138,27978.834425558245,-34321.15657122818,26089.403836761554,30208.479841787335,64364.14891892113,27522.83001810828,-23432.5306558206,19136.670324015737
-19120.8533716431,-32693.446290899297,54225.479074328556,-27789.860029736214,-1123.0026742488071,50266.07810208367,13782.451880058896,4947.530862324166,33620.95863614748,-55806.324179454765
-114844.61158171367,17444.439688884002,-50762.92633217344,24074.444166932186,10296.343870520006,50499.95214694261,-8514.331722312298,-14944.64622642198,15906.013231064708,-66246.70624707732
-50687.68919800417,234.6497249354935,5524.588283749087,-19829.25062949044,-131570.24321592913,23437.078458667587,-5885.35609028028,42927.83740586554,2046.6795045568906,-3775.1873526310274
49262.96146279821,-25482.946024568868,23090.318711629763,-7177.773753454881,-7108.415097314561,27247.584728789596,63497.14892403458,-27316.340429638596,28490.26926955659,-36870.35890400753
-62824.39151621922,-14867.040727142965,-9234.704101705143,-32100.322438249626,-53412.9754442947,34102.5022479208,34708.34673375237,-15704.478602764962,43566.64121682044,39317.08101550932
-33156.35318677736,18008.830468071214,-19999.510167256973,-62852.6392459474,950.2624732345611,-678.3318200541644,39275.43924535841,-45229.510373913414,83131.37335468682,-19275.60835419918
6252.284984062539,-55102.51963558058,-1285.8184785302935,-37837.19326764516,-42381.829870873116,31516.616063705,-11935.076131103287,84462.59089071646,46195.99785911049,76850.75671389229
4202.148681906369,-56449.485316141574,5255.543754302411,-21913.409568611303,-33445.78290084455,-10128.982499746015,30887.789430572433,-1725.3103633605397,42119.87930220541,-21170.714619214254
48456.00945371778,-20659.802735262194,-70668.54053656114,22393.979123743495,10281.889740519166,31353.749961367273,13901.881639058227,30924.998453437336,23476.923462220886,-36599.89248017667
-7613.633719009408,-64695.10188280386,-13786.030150579358,11037.844124270776,-6125.040115293619,32184.063981220304,-3892.0828975158247,7165.218127836295,-55065.663134870745,-49720.03530571062
6711.844063748916,-3042.685146406663,3495.195587904703,-54153.25146779745,8626.849752842732,48968.410879310024,37707.28414200168,3079.8283988436465,30044.386181271988,-93302.17813644023
-24365.302377966793,-20175.348856868837,-17621.67922648132,-16725.22717951462,10331.763362542812,40860.013983651166,52985.39724167047,-40750.38353764708,71163.46874962436,-47633.50261185957
-45408.09972335821,-34992.277141100625,28251.580432539482,49220.1523919822,27329.40835035522,85946.26973310948,96500.04427929633,11235.738181022953,29390.475612968396,-36161.94450326628
14886.119379572807,-27586.957945389117,-50442.15850313158,-16769.995602249375,-13447.529034663918,72800.7003750895,46866.12720721259,60297.04276728822,20518.30755829027,-59239.615199465006
-61726.333522902285,8854.546733371797,39900.8063140843,-124017.1217280934,28821.253594014634,9008.04157893728,35270.99222978305,15033.453595157871,47021.32389746163,15548.62825323854
-1258.6268731133396,10423.14053921308,-10111.248150808582,29919.824473251578,54845.91082115482,95458.22055068558,-11669.586735614164,23839.482091828308,17758.27526570588,-21567.501555652183
-34049.17734952667,-27266.494263491524,-27288.17729588683,-13234.012006460744,14521.066789388378,-32471.72450173812,31121.394403548897,-59489.269368002424,52721.379036960076,78086.41195138979
-3053.2377333294253,7492.744801241005,-45313.976975179576,-22870.686905045677,-8038.2747040198465,13647.514092898427,108077.58661430831,24786.34437192348,27751.253424739116,37075.38320888963
-44855.526589453555,-76.88999202692311,8856.683956925332,-75157.9803658978,25011.780316278633,31749.896281510955,62363.85428941694,-3407.7759237157625,-15116.7779132942,63499.446042874064
-9424.157298941716,-83063.13646769001,-32548.563636960414,-44201.017510526995,39799.53990072588,26246.271938251204,81010.53328350808,27860.48097165693,44079.362806318466,43905.42399319953
-1186.6746184010485,-25319.636989825754,-58759.212016932455,19486.40576082459,-1245.9350465591015,32559.60261092656,55247.72197225119,62737.69488163668,-7349.852378271566,29527.635188860833
-18477.3123435637,17630.302959091016,45635.46225252964,10006.145988031009,55447.995119097635,103193.07306373696,57391.99154865165,-53267.33902788088,56954.81486208496,-20367.668319947545
50626.713986424984,-34538.25110840287,-15441.806257914564,-15570.421004472219,45938.97369818343,65531.51945023338,21620.883340555043,-62700.20756656235,-23947.984781999763,-101007.02953559023
-8140.0184039398455,-38283.470859698304,-27428.228625892934,17947.563228656043,-7803.543499836845,49187.213657950124,-46450.7694059797,11230.381627950179,40411.520374706044,-10754.49540223044
-17808.403476988096,-8577.45159369864,22257.00831408521,-25138.64879888534,-26229.819801517486,50687.95068838334,14949.970555836673,69305.83777835748,-77555.54883939691,-32260.73336329787
-24081.906652985046,-22031.03335207972,-54888.26374088734,17681.06954176843,27235.3562902842,104415.95271314168,85875.64433460958,61439.73465652443,29542.44012752087,-40703.465011513385
-35911.51192601393,-79093.4723589958,-33340.73477499997,-42098.52051822761,-47408.993265495716,75682.60654876413,21015.03228646893,57899.584254992384,1310.3838860642845,-54108.6900947806
39393.9237019259,-18382.74392380974,-47715.96376048633,-80636.28603393243,-12823.53341809346,102554.58447296823,-17727.46130208151,-33070.01235805956,59432.34603919844,-48629.77516224499
-810.6828080737454,-68998.03729253953,-55040.158505691616,-4615.150538237932,-21750.26472101575,79367.79739746827,76291.7687344961,34266.586292411135,11416.973217295505,-14370.657686903263
-1950.0914165721242,-27111.46035066244,-30422.447080754948,-25979.515253081583,25473.48976597573,7830.082677495968,59294.93943098247,58360.74545953395,33100.022879138254,-98253.6677347183
8981.282318690384,-29753.416070336407,-41519.80563294155,-31748.874842174675,-9244.70989212272,90640.4857047745,97935.83252894181,-21560.70716307925,53975.278189355675,4517.181531079174
4874.98070059339,-33416.66622540409,9531.459837305916,5265.978043876055,-31954.81726983823,78982.7314683176,49985.84471073908,-16966.587445584035,49394.01087895042,21952.422812530036
-7506.673855795708,-7869.8787142956135,5092.656955830897,23.82371442003614,-58477.43439958524,13785.835720821713,22219.87860107874,-29864.628665082895,6565.7061007050015,-4758.421930719023
-1951.163821220457,-12754.598413818245,6800.514250404664,-16442.3024236571,87688.102382162,24045.58317253616,33145.41639788736,-12393.026185557546,63002.04395286891,-5270.23818053954
